firstname,lastname,address,town,postcode,dob
John,Smith,10 King Road,Basildon,SS14 1HX,1967-09-21T00:00:00.000Z
Abigail,Walker,Worcester House,Enfield,EN2 8BW,1988-04-03T00:00:00.000Z
Mary,Rose,28 Mile End Way,Greenford,UB6 8JN,1991-08-15T00:00:00.000Z
Peter,Davidson,Flat 22 Sherbourne Court,Liverpool,L36 8FG,1976-02-28T00:00:00.000Z
Conan,O'Hare,6 Milton Close,Camborne,TR14 8PA,1980-01-12T00:00:00.000Z
Ava,Savchenko,81b South Side Street,Shipley,BD18 1QN,1990-05-07T00:00:00.000Z
Bill,Johnson,54 Dead Duck Passage,Southam,CV47 8NH,1982-07-12T00:00:00.000Z
Simon,Nguyen,Large Cottage,Herne Bay,CT6 7UL,1985-03-25T00:00:00.000Z
Frances,Lloyd,79 McCartney Road,Liverpool,L25 5NH,1972-10-18T00:00:00.000Z
Gina,Campbell,3 Manchester Place,Liverpool,L15 8AE,1953-09-09T00:00:00.000Z
